word,freq
"#,",1
#1,2
#104,2
#11abr,1
#124:,3
#16NisanY?kselis,1
#1NaplesFloridaHomeDOTcom,7
#1NaplesHomeDOTcom,2
#1u,1
#2022,1
#20m,1
#20thbirthday,1
#247ONTHEGRIND,1
#2A,12
#2ch,3
#311,2
#3411,1
#3Dprinting,2
#3Dsmax,1
#3_11,2
#3dp,2
#3dprinting,2
#401k,1
#4futr,1
#51,2
#5G,2
#60Seconds,1
#<U+0623><U+0643><U+0628><U+0631>_<U+0645><U+062F><U+064A><U+0646><U+0629>_<U+062A><U+0631><U+0641><U+064A><U+0647><U+064A><U+0629>,1
#<U+0627><U+0642><U+062A><U+0635><U+0627><U+062F>,1
#<U+0627><U+0644><U+062F><U+0627><U+0631><U+0627><U+0644><U+0628><U+064A><U+0636><U+0627><U+0621>,3
#<U+0627><U+0644><U+0633><U+0639><U+0648><U+062F><U+064A><U+0629>,1
#<U+0627><U+0644><U+0641><U+0648><U+0631><U+0643><U+0633>,1
#<U+0627><U+0644><U+0645><U+063A><U+0631><U+0628>,3
#<U+0627><U+064A><U+0647><U+0627><U+0628>_<U+0627><U+0644><U+0633><U+0644><U+064A><U+0645><U+0627><U+0646><U+064A>,1
#<U+0628><U+0631><U+0641><U+0643><U+062A>,4
#<U+0644><U+0627><U+062C><U+0644><U+0643>_<U+064A><U+0627>_<U+0635><U+0648><U+0645><U+0627><U+0644>,1
#<U+0644><U+064A><U+0628><U+064A><U+0627>,25
#<U+0644><U+064A><U+0628><U+064A><U+0627>?,4
#<U+0645><U+0627><U+0644>,1
#<U+0645><U+062D><U+0645><U+062F>_<U+0628><U+0646>_<U+0632><U+0627><U+064A><U+062F>,1
#<U+0645><U+062D><U+0645><U+062F>_<U+0628><U+0646>_<U+0633><U+0644><U+0645><U+0627><U+0646>,1
#<U+0645><U+062F><U+0631><U+0633>,4
#<U+0645><U+0639><U+0647><U+062F>,4
#<U+0645><U+0639><U+06CC><U+0634><U+062A>,2
#<U+091A><U+0941><U+0924><U+093F><U+092F><U+093E>,1
#<U+30A2><U+30D5><U+30A3><U+30EA><U+30A8><U+30A4><U+30C8>,1
#<U+4E2D><U+6587>,1
#<U+5B66><U+4E2D><U+6587>,1
#<U+5B66><U+6C49><U+8BED>,1
#<U+62FC><U+97F3>,1
#<U+666E><U+901A><U+8BDD>,1
#<U+6C49><U+5B57>,1
#<U+6C49><U+5B57>.,1
#<U+6C49><U+8BED>,1
#<U+6CE8><U+97F3><U+7B26><U+53F7>,1
#@GOP,1
#ABC,2
#ABDninSuriye?,1
#ACA,2
#ACA?,1
#ACF2017,4
#ADB:,1
#ADP,7
#AFCLive?,1
#AFP,3
#AI,71
"#AI,companies",1
#AI.,1
#AI:,1
#AIA,1
#AI?,3
#AMAZON,1
#AMP,6
#ANC,2
#ANT,2
#APBF,1
#APC,1
"#APItalist""",1
#ASEAN,10
#ATMs,1
#AUSPOL,6
#Aadhar,1
#AbdulLatifJameelPovertyActionLab,1
#Abenomics,3
#Aberdeen's,1
#Accel_Partners,1
#Accel_Partners?,1
#AchieveYourLifeGoals,1
#Achieving,1
#Ack,4
#Acm,4
#ActionSelection,1
#Adani,9
#AdduCity,12
#Advertising,1
#Advisors,1
#AffiliateMarketing,1
#Afghan,11
#Africa,18
"#Africa,",1
#AfricanAmerican,1
#Afrika,1
#Afternoon,1
#Age,1
#Agility,1
"#Agriculture,",1
#Agrokor,1
#Agua,1
#Air,1
#AirBnB,1
#AirForce,1
#AirIndia,1
#Airbnb,24
#Airline,2
#Airlines,1
#Aktien,2
#AlGhad,1
#AlGhad?,1
#Alarm,3
#Alberta,8
#Alberta's,1
#Alberta?,1
#AlexisTsipras?,1
#Algeria,1
#AliHamsa,1
#Alloys,1
#Allpowers,12
#Alternatives,1
#Amazon,16
#Ambassadeur,1
#Ambassador,1
#Ambassadors,1
#America,21
#America's,1
#AmericaFirst,8
#AmericaFirstCoalition,1
#American,13
#American<U+200B>dreams,2
#AmericanAir,2
#AmericanDream,1
#AmericanDream:,1
#Americans,10
#Americans.,1
#Americas,7
#AmericasConcreteFuture,1
#AmericasWater,3
#America?s,1
#Amman,2
#AnaTaban,1
#Analysis,3
#Anarchism,37
#Andr?Reichel,2
#Angola,1
"#AnimalSpirits!""",1
#Anonymous,6
#AntiFraud,1
#AnwarMasood.,1
#App,2
#Apple,2
#Application,1
#ApprenticeshipLevy,1
#Appropriate,1
#April,4
#Aquaculture,1
#Arab,1
#ArabOpinion,1
#Archaeology,4
"#Arctic,",1
#Ardor,4
#Are,4
#Argentina,3
#Argentina's:,1
#Argentina?s,4
#Arizona,2
#Arkansas,1
#Armenia's,1
#Armenia2016GDP,1
#ArtificialIntelligence,28
#Artificialintelligence,1
#Artists,1
#Arts_amp_Entertainment?,1
#Artsakh/#Karabakh,1
#ArunJaitley,1
#Asia,10
#Asia's,2
#Asia<ed><U+00A0><U+00BC><ed><U+00B7><U+00A8><ed><U+00A0><U+00BC><ed><U+00B7><U+00B3>#China,1
#AsiaPacific,1
#AsianMarket,1
#AskJulie,1
#Assembly,1
#Associates',1
#Athens,2
#AtlantaFed,1
#Aum,4
#Australia,11
"#Auto,",5
"#Automation,",2
#AutonomousVehicles,5
#Autonomy.,1
#Autos,1
#Aviationfuel,3
#Avoid,1
#Azerbaijan,42
#Azerbaijan's,1
#Azerbaijan?:,1
#B2B,1
#BANGSAR,2
#BANKSTERS,1
#BANK_OF_CANADA,1
#BAT,2
#BBC,4
#BB?,1
#BC,3
"#BCCI,",1
#BDSTurds?,1
#BERNERS-LEE:,1
#BFD,1
#BI,34
#BITCOIN!,1
#BI?,1
#BLF...,1
#BLS,3
#BMW,1
#BOC,2
#BOK,1
#BREAKING,1
#BS,1
#BTC,4
#BUILDERS,1
#BUILDING,5
#BUILDING!,1
#BUSINESS,2
#BWC,2
#BabyBoomers,1
#Bahrain,1
#Bahrain's,1
#BahrainPhotoHistory,1
#Baku,2
#BalanceSheet,2
#Bangladesh,5
"#Bangladesh,",1
#Bank,10
#BankOfEngland,1
#Bankers,28
#Banking,43
#BankingCrisis,2
#BankingSector,10
#BankingSector?,2
#BankingandFinance,1
#BankingandInsurance,1
#BankofCanada,2
#Bankruptcy,1
#Banks,6
#Banksters,5
#Barbados.,1
#Barber,5
#Barcelona,1
#BarrierReef,1
#BasicIncome,6
#BasicIncome?,1
#BayArea,2
#Beauty,5
#Beijing's,1
#BeltandRoad,4
#BenedictDonald,1
#Berita,1
#Beritaindonesia,1
#BestEconomies,1
#Best_English_Quotes,3
#Bett?,5
#Bexleyheath,1
#Bext360,1
#BharatElectronicsLtd,2
#BharatPetroleumCorp,1
#BigBanks,1
#BigBiz,1
#BigData,6
#BigData?,1
#BigLeagueJobs:,1
#BigLeagueJobs:?,1
#Bigdata,9
#Bigger,1
#Biggest,3
#BiharEconomy,1
#BillGates,2
#BinaryRobot,1
#Bioeconomy,3
#Biofuels,3
#Biomass,1
#BitCoin,12
#Bitcoin,1
#BjrliveFM,18
#Bjrli?,1
#Black,4
#BlackListIRGC,2
#BlackLivesMatter,1
#BlackThursday,1
#BlockChain,10
#BlockChain?,1
#Blockchain,24
#Bloomberg,6
#Blueprint,1
#BoC,2
#BoE,2
#BoE?,1
#BobGray4Congress<ed><U+00A0><U+00BD><ed><U+00B2><U+00A5>,12
#Boeing787,1
#Bond,11
#Bonds,5
#Bond?,1
#Bonus,1
#Booklaunch,1
#Boom,1
#BoomerangOftheWeek,2
#BorderAdjustmentTax,1
#BorderSecurity,1
#BorderWall!,1
#Borderwall,1
#Boring,1
#Bourbon,2
#Bourbon!,2
#Bournemouth,1
#BoycottUnited,1
#Braceyourself,1
#Brain,89
#Brand,1
#Branding,1
#Brazil,5
#Breaking,3
#BreakingNews,4
#BreakingNews:,1
#BreakingPoll,1
#Brexi,4
#Brexit,171
#Brexit-vote,1
#Brexit.,3
#Brexit:,1
#Brexit?,1
#Brisbane,2
#Bristol,1
#Britain,40
#Britain's,2
#British,15
#BroadwayTheatre's,1
#Broker,1
#Brooklyn,1
#Brussels,2
#Brussels!,1
#BubbleDenial,1
#Budget,2
#Budget2017,13
#BudgetforMarketing,1
#BuildTheWall,1
#Bulletin:,1
#Bullion,5
#Burlington,2
#Business,138
#BusinessClass,1
#BusinessIntelligence,1
#BusinessModel,1
#BusinessObjects,1
#Business_News,1
#Businessworld,1
#Business?,4
#Businssandnews,1
#Bust:,1
#Bus?,1
#Buy,1
#BuyAmerican,2
#Bynight,3
#B?rse,4
#C,1
#CA,2
#CAD,1
#CAHSR,2
#CANADA,1
#CAPPEvent,7
#CAPPScotia,10
#CBS,1
#CBoCEnergy,10
#CCOT,8
#CDNpoli,1
#CELEBRITY,1
#CFOs,1
#CFR,3
#CGSM?,1
#CHASE,1
#CHINA,4
#CIA,1
#CIO,1
#CNBC,2
#CNC,1
#CNN,3
#CNN!,1
#CNNMoneyStream,2
#COMPET,25
#CONVERT*,1
#CORRUPTION,1
#COVERUPDECEPTIONSPROPAGANDA,7
#COYW,1
#CPEC,3
"#CPEC,",1
#CPLP,1
#CPP,1
#CRE,12
#CROOKS,1
#CURRENTEVENTS,14
#CVBT,1
#CaboVerde,1
#Cagsil,4
#CalPERS,1
#Calamity,1
#California,7
#California's,2
#Canada,28
#Canada's,1
#Canada?s,1
#Canadian,6
#Cannabis,7
#CapitalGang,2
#CapitalMarkets,22
#Capitalism,2
#Capitalist,2
#Car,1
#Car_Industry,1
#Career,1
#CaribbeanBusinessEnvironment,8
#Carney,1
#CarringtonEvent,1
#Cars,2
#CarsIndustry,1
#Casablanca,3
#Cash,2
#CdnEcon,2
#CdnFreeTrade,1
#CdnPoli,1
#CeesBruggemans,1
#CementandConcrete,1
#CenBank,1
#Central,31
#CentralBank,1
#CentralCoast.,1
#ChalmersJohnson:,1
#Champagne,2
#Change19,2
#CharlesGaspario,1
#Chart,1
#CheapFlights?,2
#Chieftancy,1
#Child,1
#ChildCareMarketing,1
#Chile,3
#China,134
#China's,28
"#China,",7
"#China,#Russian,#USA,#UAE",3
#China:,1
#China;,25
#China?s,10
#Chinese,12
#Chineseculture?,1
#Chomsky,1
#Chorley,2
#Christian,1
"#ChristyClarke,#cdnpoli",1
#Circular,4
#CircularEconomy,2
#Citt?,1
#City,1
#Civics,1
#Clean,1
#CleanAirAct,1
#CleanEnergy,1
#CleanEnergyJobs,1
#CleanPowerPlan,2
#Climate,3
#ClimateChange,10
#ClimateChangeIsReal,1
#ClimateCrisisIsEmergencyNOW.,1
#ClimateSolutions,1
#Climatechange,10
#ClinBio,1
#ClinBio?,1
#Clinton,1
#ClipTrends,3
#Close,1
#Closing,1
#ClubMilli,1
#CoachSeats,1
#Coal,1
#Code,1
#CoffeeTable.,1
#Collaboration,2
#Colombia:,1
#Colorado,1
#ComCap17,3
#Commodities,3
#CommonSense,1
#CommunityMaker,5
#CommunityMaker?,1
#Competitor,1
#CompoundInterest,1
#Computer,33
#ConfirmGorsuch,1
#Congress,3
#Congress?,1
#Connecticut,8
#Conscious,3
#Conservative,1
#Conservatives,1
#Conspiracy,43
#ConstableConfidential,3
#Constitut,1
#Constituti,1
#Constitution,3
#Construction,44
"#Construction,",1
#Construction.,1
#Consulting,1
#ConsultingForGrowth,1
#Consumer,2
#ConsumerConfidence?,1
#Consumers,3
#Contract,2
#Cope,1
#Copper,10
#Cor,1
#Corolla,1
#Corporate,2
#Correction,2
#Country,1
#Country's,2
#Country_Director,1
#Crash,1
#Creative,2
#Creativity,2
#Credit,1
#CreditUnions,4
#Creditcarddebt,1
#Crime;,1
#Crisis,4
#Crisis:,11
#Cris?,1
#CrnaGora,1
#Croatia,3
#Crude,1
#Crypto,40
#CryptoCurrency,1
#CryptoEconomy,2
#CuencaHighLife,1
#Culture,1
#Currency,21
#CurrencyNews,1
#CurrentAffairs,2
#CutsKill,1
#CyberSecurity,2
#Cybersecurity,1
#Cycles,2
#Cymru,1
#Cyprus,1
#C?,1
#DA,1
#DAFZA,1
#DAMANSARA,2
#DAO,3
#DBT,1
#DEMS,1
#DGR,3
#DICTATORSHIP,10
#DIY,2
#DLCCanadaInc,1
#DNC,2
#DSNEurope,1
#DailyNews,1
#Daimler,1
#Damascus,3
#DangerousToALLEarthLife.#GreenJobs,1
#Data,22
#DataAnalysis,2
#DataAnalytics,2
#DataCenter?,1
#DataScience,1
#DataScience},1
#DataViz,1
#Datareuse,1
#David_Suzuki,1
#Dax,1
#DayTrading,1
#DayTrad?,1
#DayTra?,1
#DayT?,2
#Da?,1
#DeMonetisation,1
#DearEntrepreneur,77
#DeathPenalty,4
#Debt,5
#December,1
#Delhi,1
#Demo,4
#Democracy,1
"#Democracy,",5
#Democrats,9
"#Democrats,",2
#Depression,1
#Depth,1
#Deshitelegraph,1
#Design,3
#DesignForNext,1
#Detroit,1
#Developers,1
#Development,8
#Did,1
#DidYouKnow,5
#Didyouknow,1
#DiffrentTruths,1
#Digital,11
#DigitalCurrency,1
#DigitalEconomy,1
#DigitalIndia,1
#DigitalMedia,9
#DigitalMed?,1
#DigitalM?,3
#DigitalTransformation,5
#Dinero,3
#Diplomatic,4
#Disastrous,1
#Discrimination,3
#Diseased,1
#Disney,12
#Distraction,1
#Distraction:,1
#DistributiveEconomy?,1
#Dmitry_Medvedev,1
#Dollar,57
#DonaldTrump,12
#DontheCon,1
#DoubleStandards,1
#DouleurPeople,1
#DouleurPeople#HumanityForTheWorld,1
#Dow,1
#DowntownProud,1
#DreamBig,2
#Dreamliner,1
#Drilling,1
#Driverless,1
#Dubai,2
#Dubai's,1
#Dubai:?,1
#DubaiHealthCare,1
#DubliInternational,1
#Dudley,1
#Dudley:,2
#D?,1
#EA,1
#EAD12,1
#EARTH,1
#ECB,104
#ECB's,1
#ECD,1
#ECGConces,1
#ECONOMY,189
#ECONOMY!,1
#ECONOMY?,4
#ECRI,1
#ELA,5
#ELSTAT,9
#EM,1
#EMI,2
#EMPOWERMENT,2
#EPA,1
#EPFO,1
#ERM,1
#ERTinYourLanguage,2
#ESM,4
#ETF,3
#ETtech,1
#EU,24
#EU4Egy?,6
#EUA,1
#EUO,1
#EUPol,12
#EUR,207
#EURO,5
#EUROPE,7
#EURUSD,1
#EUconomy<ed><U+00A0><U+00BD><ed><U+00B1><U+008C><ed><U+00A0><U+00BD><ed><U+00B8><U+0087><ed><U+00A0><U+00BD><ed><U+00B1><U+008C>#FINtech<U+2716><U+FE0F>?,1
#EU?,1
#EXTREMEISM,3
#EarnMoney,5
#Earnings,3
"#Earth,",1
#EarthDay:,1
#Earthquake,3
#EastAfrica,3
#Easter,1
#EasterIsland,1
#EasterTweet,1
#EcOnomy,1
#Eco,3
#EcoTVWeek,6
#EcologicalFootprint,1
#Ecommerce,3
#Ecommerce?,1
#EconQuote,1
#EconoMy,2
#Economia,2
#Economic,2
#EconomicGrowth,4
#EconomicMachine,1
#EconomicNews,4
#Economics,11
#Economics},1
#Economistas,1
#Economists,2
#Economy,2204
#Economy!,7
"#Economy""",4
"#Economy""?",1
"#Economy""?",1
#Economy',2
#Economy),1
"#Economy,",45
"#Economy,...",1
"#Economy,BusinessandFinance",1
#Economy-#News--https://t.co/nizuZMCluR,1
#Economy.,8
#Economy...,2
#Economy.?,1
#Economy:,43
#Economy;,10
#Economy<ed><U+00A0><U+00BD><ed><U+00B3><U+008A><ed><U+00A0><U+00BD><ed><U+00B3><U+0088>?Automobiles,5
#Economy<ed><U+00A0><U+00BD><ed><U+00B3><U+008A><ed><U+00A0><U+00BD><ed><U+00B3><U+0088>?General,5
#Economy?,7
#Economy??,1
#EconomyGr,1
#EconomyToday,3
#Economy?,23
#Economy?s,2
#Eco?,2
#Ecuador,2
#Edinburgh,4
#EdmontonOilers,1
#Education,16
#Education?,11
#Egypt,6
#Egypt's,9
#EgyptianPound,1
#Egypt?s,1
#Einstein,2
#ElEconomo,1
#Election,1
#Electric_Cars,1
#Elites,2
#EmergingMarkets,4
#EmergingMarkets:,3
#EmiratesAirlines,1
#Employment,82
"#Employment,",1
#Employment:,1
#Empowerment,1
#Encryption,1
#End,2
#EndWelfare.,2
#EndtheFed,1
#Energy,19
#EnergyUnion,12
#Engineering,1
#Enjoy,1
#Enough,1
#Entertainment,3
#Entrepreneur,81
#Entrepreneurs,3
#Entrepreneurship,4
#Env,2
"#Environment,",1
#Environment.,1
#Environmental,1
#Enviro?,1
#EqualPay,9
#Equality,3
"#Equities,",1
#Eritrea*n,1
#Escalation,1
#EssarOil,1
#Establishment,3
#Estate,3
#Estonia.,1
#Ethics,1
#Ethiopia,1
#Ethiopia.,1
#Eu,7
#Euro,1
#Euro?,6
#Eurogroup,9
#Euronews?,1
#Europe,30
"#Europe""",1
#Europe's,3
#EuropeanUnion,1
#Europe?,2
#Eurosystem,2
#Eurozone,2
#Event,1
#Everybody,1
#Everyone,1
#Exchange,4
#ExchangeRate,2
#ExchangeRates,1
#EximBank,1
#Exness,2
#Expansion,1
#Experts,8
#Export,22
#Export2Canada,1
#F17,1
#F302?,1
#FATA,1
#FDI,2
#FED,12
#FED's,1
#FICCI,1
#FICCI?,2
#FIRST4,4
#FL,1
#FLR,1
#FMM,1
#FOMC,4
"#FOMC,",123
#FOREX,20
#FOX,1
#FPI,1
#FREE,1
#FREEPORT,5
#FTSE,1
#FTS?,9
#FTT70,5
#FX,3
#FX:,5
#FX::,2
#FXE,1
#FXY,1
#Facebook,1
#FactCheck,1
#FakePresident,1
#Famines,3
#Fance,1
#Far,1
#Fares,1
#Farm,3
#Farmers,1
#Fascism,1
#Featured,1
#Fed,177
"#Fed,",123
#Fed.,3
#FedBalanceSheet,2
#FedPrimeRate,1
#FedPrimeRate?,2
#Federal,1
#FederalReserve,5
#FeesMustfall,1
#Fiat,3
#Fibonacci,4
#Fijian,1
#Filibuster,1
#FilmIndustry,1
#FinTech,4
#Financ,1
#Finance,83
"#Finance,",5
#FinanceMinister,1
#FinanceMinister?,2
#FinanceNews,84
#Finances?,1
#Finance?,1
#Financial,8
#FinancialAdviceFriday,1
#FinancialCrisis,2
#Finanzen,1
#Finland,1
#Finnish,1
#Fintech,71
"#Fintech,",1
#FireKushner,1
#Fiscal,2
#FiscalDeficit,1
#Fish,1
#Fisheries,1
#Fitch,7
#Fitness,1
#FlashbackFriday,1
#Florida,3
#Flug,1
#Focus,1
#Focus:,1
#Food,1
"#Food,",1
#Food_Embargo?,1
#Foody,1
#Force,1
#Forecast,4
#ForeignCompanies,2
#ForeignPolicy,1
#Forex,108
#ForexBroker,4
#Forextraders,1
#Forex?,1
#Forum,1
#Fracking,2
#France,7
#Fraud,2
#Free,1
#FreeDuck:,1
#FreeMarket,1
#FreeMusic,1
#FreeQasim,1
#FreeQasimIbrahim,1
#FreeQasimNow,1
#Freedom,1
"#FreedomPartners,",1
#Freight,3
#French,1
"#French,",1
#French?,3
#Friday,2
#FridayFeeling,1
#Friday?,1
#FrontierMarkets,1
#Fullcontrol,12
#Fundable!,1
#Funding,12
#Funds,1
#Future,12
#FutureOfJobs,1
#Futurism,1
#F?,2
#G7,3
#GA06,12
#GA6th,12
#GBP,207
#GBR,1
#GCL,1
#GDP,353
"#GDP,",2
#GDP.,102
#GDPNow,2
#GDPNowModel,1
#GEEK,15
#GIRLBOSS,1
#GM,1
#GMO,1
#GOD,1
#GOLD,95
#GOP,10
#GOPobstruction,1
#GOSSIP,1
#GOVERNMENT,3
#GPCI,19
#GREATBRITAIN,1
#GREEN,1
#GROWTH,2
#GST,7
#GSTBill,4
#GVK,2
#GaGOP,12
#GaPOL,12
#Gaikwad,1
#Gallup,3
#Games,1
#Gan,12
#GarthBrooks,1
#Gas,2
#GasField,1
#GasPrices,1
#Gaza,2
#Geek,95
#GenX,1
#GenZ,1
#Gender,1
#GenderPayGap,1
#Genr8,3
#GeoPolitics,23
#GeoPo?,1
#Geopolitical,1
#GeopoliticalRisks,1
#Geopolitics,3
#Geostrategy,4
#German,4
#Germany,11
#Ghana,2
#Gig,16
#GigEconomy,1
#GistAlways,1
#Glamour,1
#Glasgow,3
#Glasgow's,1
#Global,8
#GlobalEconomicOutlook,1
#GlobalGreenNewDeal,1
#GlobalMeeting17.,2
#Global_Inequality,2
#Globalelite,1
#Globalists,3
#GoHome,1
#GoOilers,1
#GoP,1
#Goals'-,1
#God,1
#Gold,8
#Goldman?,1
#Good,1
#Google,1
#Goo?,1
#GopHatesVets,7
#Gordhan,1
#GorsuchNomination,1
#Gossip,1
#Gov,8
#Government,10
#Govt,1
#Graft,1
#Granada!,1
#GreatDepression,1
#GreatLakes,17
#GreatRecession,1
#Greece,51
#Greece.,5
#Greece?,6
#GreeceCrisis,1
#Greece?,4
#Greed,1
#Greek,2
#Greekcrisis,1
#Green,3
#GreenEnergy,1
#Greenbuild16,1
#GreyMarket,1
#Grover_Norquist,1
#Growth,18
#Growth?,1
#Guide,1
#Gulf,1
#Guptas,5
#G?,2
#G?opolitique,3
#HDgame,1
#HEMPFOODS,1
#HGF17,4
#HOME,27
#HOPE,21
#HR,2
#HRtech,1
#HR?,5
#HSBC,2
#HSR,2
#HacketAssociates:,2
#Hans,1
#Hants,1
#Hate,1
#Hawks,8
#Healing,1
#Health,3
#Healthcare,1
#Healthcare?,1
#Hedge,2
#Hemp,1
#Hemp!,1
#Herbicide,1
#HighDesert,1
#HigherEd,2
#Hillary,1
#Hillary2016,2
#His,2
#History,1
#Home,3
#Home-Price,1
#HomeImprovement,1
#HomeOwnership,1
#Homeowners,1
#Honda!,1
#HondaCivic,1
#HongKong,5
#Hope,45
#Hope~#Elections,1
#Hope~#NYC,1
#Hope?,2
#Hospital,1
#Hotels,1
#HousePrices,3
#HouseholdDebt,1
#Housing,5
#HousingBubble,1
#HousingBubble?,1
#HousingForAll,2
#HousingMarket,1
#HousingValues,1
#Houston,1
"#Houston,",1
#How,3
#HowTo?,1
#Hrvatska,1
#HuffingtonPost,1
#HumanInterest,1
#HumanityForTheWorld,3
#Hungary,1
#Hunger,1
#Hungry,1
#Hydrogen,1
#I've,1
#I40,2
#IAmNotABE,3
#ICBED2017,1
#ICYMI:,3
#IMF,26
#IMF2017,1
#IMFBruegel,1
#IMFMeetings,1
#IMF?,1
#INE.,2
#INdia,1
#IPCC,1
#IPO,1
#ISIS,8
#ITALY,1
#IamVZ,2
#IamVZ?,3
#Ia?,17
#IdeaLab,3
#Idlib,1
#Illegal,1
#Imagination,1
#Immigrants,2
#Immigration,1
#ImperiumMedia,3
#Import,1
#Independence,1
#Inde?,1
#India,57
#India's,39
#India),62
"#India,",1
#India.,4
#Indian,22
#IndianEconomy,1
#India?,1
#India?s,4
#Indiefilm,2
#Indonesia,33
#Indonesia's,1
#IndonesiaNews,1
#Industry-#POTUS#Trump,1
#Indy,1
#IndyRef2,2
#Inequality,3
#Inflation,6
#Infowars,8
#Infrastructure,1
#InlandEmpire,1
#Innovate,6
#Innovation,6
#Insights,1
#Institutions,2
#InsurTech,3
#InsuranceInTheUnitedStates,1
"#Insurgency,",1
#Intelligence,1
#IntelligentInvestments,1
#Interest,2
#InterestRates,2
#Interest_Rates,1
#Internet,59
#InternetOfThings,1
#Interview,1
#IntheRed,1
#Inversi?nConsciente,2
#Invest,3
#InvestecAssetManagement,1
#Investing,107
#Investing?,1
#Investment,16
#Investments,5
#Investors,2
#Investors',1
#Invest?,1
#Inves?,1
#IoE,3
#IoP,1
#IoT,38
#IoTDay:,2
#IoTFacts?,2
#IoT?,1
#Iowa's,3
#Iran,11
#Iran:,1
#Iraq,1
#IraqWar,3
#IraqWartroopsurge,1
#Ireland,11
#Ireland?,1
#Irish,1
#IsladePascua,1
#Islam,4
#Islamic,3
#IslamicState,1
#Israel,7
#Israel's,4
#Istanbul,2
#Italia,1
#Italy,9
#Italy's,62
#JAM,4
#JAPAN,1
#JCI,2
#JECC,1
#JOBS,1
#JOBS?,1
#JOLTS,3
#JPY,1
#JZ783?,1
#Jacksonville,1
#Jamaica,2
#Jamaicaobserver,2
"#James_H_Douglas,_Jr",1
#Japan,10
#Japan's,4
#Japan<U+3010>https://t.co/bGUKbxeGbN<U+3011>#usa,3
#Jesus),1
#Jevons,1
#JharkhandEconomy,1
#Jo,1
#Job,7
#JobGrowth,1
#Jobs,87
#JobsForRobots!,102
#JobsReport,31
"#JobsReport,",3
#Jobsreport,5
#Jobs?,1
#JohnCrudele,2
#Jordan,1
#Jordan's,1
#Jordanians,1
#Jubilee,35
#JunkZuma,2
#JustTransition,1
#Justice,2
#KINGDOM,3
#KOREA,2
#KadInvest,17
#KaliefBrowder~#deathnotinvain,1
#Kashmir,2
#KashmirArmyKeSaath,1
#Kashmir?s,1
#Kathmandu,1
#Kazakhstan,2
#Keeping,1
#Kelley,1
#Kentucky,1
#Kenya,1
#Kenya's,12
#KenyaEc?,11
#Keynes,1
#Know,96
#Knowledge,5
#KompassIndia,2
#Kosovo,1
#Kosten,1
#KotakSecurities,1
#Kurdistan,2
#Kuroda,1
#LA,1
#LATAM,1
#LEADERS,1
#LEVEL,1
#LFPR,1
#LIBERALS,1
#LIBOR,1
#LIFE,2
#LIVE,1
#LNP?,5
#LONDON,2
#LS,1
#LUISS,1
#Labor,3
"#Labor,",1
#Labor_and_Jobs,1
#Labour's,1
#LakeAve,3
#Lanco,2
#LasVegas,2
#LatAm's,1
#LatePayment,1
#LatinAm:,1
#LatinAmerica,1
#Latino,1
#Latinos,3
"#Law,",1
#Layoffs,5
#LePen,1
#Leader,4
#Leaders,1
#Leadership,1
#Learn,152
#LearnChinese,1
#Learning,2
#Lebanon,2
#LeeKuanYew,4
#Legal,2
#Lens,1
#LiarInChief,1
#LiarinChief,1
#LibDemFightback,5
#Libby,1
#Libor,1
#Libya,29
#Libya?,9
#Lies,3
#Life,3
#LifeGoalsFund,1
#LifeOfAThugger,1
#Lifeline,2
#Lincoln.,1
#LiquorBan,1
#LivesMatter,1
#Living,1
#Loans,1
#Locations,2
#London,12
#London?,1
#Look,1
#Looks,1
#LootedFunds,1
#Louisiana,1
#Love,14
#LowCost,1
#Lubbock,1
#Lukashenko:,1
#Lungu,2
#LuxuryTravel?,1
#Lyft,2
#MAGA,88
#MAGA3X,1
#MAGA<ed><U+00A0><U+00BC><ed><U+00B7><U+00BA><ed><U+00A0><U+00BC><ed><U+00B7><U+00B8>,10
#MANG1021,4
#MAS,2
#MELANIATRUMP,1
#MI,1
#MINI,1
#ML,2
#MONEY,47
#MOOC,1
#MOSCOW,1
#MPC,3
#MRShow,1
#MSS,1
#MYR,1
#MYREALESTATEBRAINDOTCOM,15
#Machine,1
#Machinery,1
#Macri,1
#MacroPerspective,22
#Macroeconomics,1
#Macron,1
#MadeinUSA,2
#MadeinUSA.,2
#MagicMoney,1
#Maimane,2
#MainStreet2017,1
#MainStreet2017!,6
#Maine,1
#Mainten?,1
#Make,2
#MakeAmericaGreatAgain,2
#MakeInIndia,1
#Makeup,1
#Malawi,1
#Malaysia,2
#MalaysiaOutlook,1
#Maldives,3
#Maldivian,12
#Mall,1
#Malta,29
#Man,1
#Manchester,1
#Manufacturing,13
#Manufacturing?s,1
#Mapfre,1
#March,3
#MarchJobsReport:,3
#March?s?mergents,3
#Marikana,1
#MarkCuban,1
#Market,17
#MarketResearch,1
#MarketScape.,1
#Marketing,10
#Marketplace,1
#Markets,28
"#Markets,",3
#Maroc,3
#Marokko,3
#Marshall,1
#Marx,1
#Maryland?,1
#MassAnimalDieOffs,3
#Mayors,1
#McCain,3
#Med,3
#Media,9
#Medical,1
#MedicalCare,1
#Medicine,1
"#Melbourne,",1
#Meltdown,1
#MericsBlog,3
#Mexico,39
"#Mexico,",1
#Mexico?s,1
#Mfg,2
#MichaelDMay,37
#Michigan,1
#Michigan's,3
#MichiganVCA,4
#MicroEconomics,1
#Microsoft,2
#MidUlster,1
#MiddleEast,4
#Middle_East,2
#Middle_East?,1
#MidlandsEngine,3
#Migrants,1
"#Migration""",1
#Millenials,1
#Millennial,10
#Millennials,8
#Milwaukee,2
#MindFactories,1
#Mindset,1
#MinimumWage,2
#MinimumWage.,1
#Mining,1
#Minister,3
#Minnesota,1
#Mises,15
#MissionIndradhanush,1
#Mobile,4
#Mobileapp,2
#Mobileapp?,3
#Modi,5
#Monetary,2
#MonetaryPolicy,4
#MonetaryPolic?,1
#Money,23
#Money.,2
#MoneyMatters,1
#Montana,2
#Montenegro,1
#Montreal,2
#MoodysInvSvc,2
#Moody?s,1
#Morality,1
#Moroccan,2
#Morocco,3
#Mortgage,2
#MortgageRate,1
#Movie,1
#Mozambique,1
#Mozambique:,1
#Mpgvip,68
#Mpgvip?,2
#Mpg?,17
#MuCrisis,1
#Mukherjee,1
#Municipal,4
#MyRealEstateBrain,28
#Myanmar,1
#Myers,1
#M?t?o,1
#N,1
#NABARD,1
#NAFTA,3
#NAJIB,1
#NAR,1
#NASA,4
#NASA?,1
#NATO,3
#NATO?,1
#NB.This,1
#NBN,6
#NDC,2
#NEW,44
#NEWMEDITreview,3
#NEWS,1
#NFP,7
#NFPGuesses,1
#NFP?,1
#NHS,2
#NHS?,1
#NHV,8
#NIB,6
#NIESRGDP,1
#NIExecutive,1
#NL,1
#NLN,5
#NPAs,1
#NPC,1
#NPF,1
#NPP,3
#NPR,6
#NSM?t?,1
#NSW,1
#NSW?,1
#NWO,7
#NXT,4
#NY,1
"#NY,",1
#NYC,1
#NYCrealestate,2
#NYT,11
#NYtimes,2
#NZ,2
#NZD/#USD:,1
#NailOnTheHead,3
#Naira,1
#Nairobi,3
#Names,3
#Narendra,2
#Natgas,1
"#NationBuilding,",3
#National,16
#NationalB,1
#NationalParkSystem?,1
#NationalSecurity,2
#NationalSecurity.,1
#NationalSecurity?,1
#NatoAllies,2
#Natural,4
#NaturalResources,1
#NaturalState,1
#Nature,1
#Navient,1
#Ne,1
#Nebraska,1
#Negative,6
#NegativeRates,5
#Neighborhood,2
#Netherlands,1
#Nevada,3
#NewDelhi:?,1
#NewEconomics,1
#NewIndia,1
#NewKaduna,17
#NewOrleans,1
#NewYork,2
"#NewYork,",1
#NewYork`s,1
#NewZealand,2
#NewZealand?,1
#News,24
#News!,4
#News:,11
#NewsPickOfTheDay,1
#NewsUpdate,1
#Newsmakers,7
#Newsmakers?,2
#News?,2
#Next,1
#NextEconomy,12
#NextEconomy?,1
#Nexus,3
#Nigeria,33
#NightMayor,1
#Nightmare,1
#Nikkei,1
#Nitaipartners,1
#NoBAT,1
#NoBanNoWallNoRaids,1
#NoConfidence,1
#NoGOP2018,1
#NonFarm,1
#NonFarmPayrolls,2
#NonfarmPayrolls,2
#NorthCarolina,1
#NorthernIreland,1
#Norway,1
#NuTechSeed,1
#Numbers,3
#OCBCMoneyMonday,1
#OCBCPremier,2
#OCB?,1
#OECD,16
#OECDPISA,1
#ONMAX,1
#ONS,8
#OOTT,4
"#OOTT,",106
#OPEC,2
"#OPEC,",106
#OTC,1
#OWS,1
#Obama,4
#Obama's,2
#Obamacare,1
#ObamasLegacy,2
#Objectives,2
#Obsolete,1
#Occupy,1
#OceanEconomy,15
#Oderland.,1
#Odisha,1
#Office,1
#Ohio.,1
#Oil,16
"#OilandGas,",1
#OnTV,1
#Onboarding,1
#OneBeltOneRoad,5
#OneNationOneTax,3
#OnlineBusiness,1
#Only,1
#Ontario,4
#Onus,1
#OpenData,1
#OpenGov,1
#Opinion,1
#Optimism,1
#Optimum,1
#Optimum?,1
#Oregon,1
#Organic,1
#OrthodoxCalendar,1
#OsamaBinLad?,1
#OurBeautifulBahrain,1
#Outa,1
#Outlook,1
#OxNA2017,1
#Oxford,2
#P2P,4
#PAN,1
#PANCARD,1
#PC,33
#PChidambaram,2
#PEEOTUS,1
#PGDipBMA,1
#PHC,16
#PHOTOS,1
#PIEL2017,3
#PJNET,7
#PJNet,4
#PMLN,3
#PNG,1
#PODCAST,2
#POLITICS,2
#POLITICSELECTIONSCORRUPTION,6
#POLITICSELECTIONSCORRUPTION?,1
#POLITICSELECTIONSCOR?,1
#POLITICSELEC?,1
#POLITICSEL?,1
#POOR,1
#POTUS,60
#PPF,1
#PPP,1
#PRODUCT,3
#PROGRESS,1
#PSUBanks,1
#PTV,1
#Pak,1
#Pakistan,15
#Pakistan's,1
"#Pakistan,",1
#PakistanChina,2
#Palestine,1
#Palestinians,1
#Palliative,2
#PanAfrican,2
#Panama,1
#Parallel,1
#Parents,4
#Paris,1
#Part,1
#Partisan,1
#Passports,3
#Patriots,5
#PaulRyan,1
#PaxEx,1
#Payless,1
#Payroll,2
#Payrolls,1
#Peace,5
#Peking,2
#Pennsylvania?s,2
#PeopleMakeGlasgow,3
#Perfect,4
#Peru,3
#Pesticide,1
"#Petrol,",1
#Peugeot,1
#PgDipBMa,1
#PhD,1
#Philippine,2
#Philippines,1
#Pitman,1
#Platform,2
#Pleasant,1
#PlymouthTownship,1
#Podcast,2
#Police,1
#Policy,6
"#Policy,",2
#PoliticiansIHailThee,2
#Politicize,1
#Politics,39
#PoliticsToday,2
#Polulation,1
#Popular_,1
#Populism,2
#Portugal,2
#Positive,2
#Pound,1
#Poverty,5
#Power,1
#PowerSector,1
#PranabMukherjee,2
#Precarity,8
#PreciousMetals,7
#Precision,2
#Predictive,1
#PremiumEconomy,1
#President,2
#PresidentTrump,1
"#PresidentTrump,",3
#Preston,1
#Price,4
#Prices,1
#Prime,2
#Privacy,1
#PrivateEquity,3
#PrivateMI.,1
#Privatization:,1
#Productivity,3
#Program,1
#Promise,1
"#Promise,",1
#Promo,1
#Property,5
#Prophets:,11
#Prosper,11
#Prosperity,1
"#Prosperity,",1
#Protest,1
#Protests:,1
#Psyched||#Rehashed,3
#PublicSector,12
#PuertoRico,1
#Punjab,1
#Pursue,1
#Putin,3
#Q1,2
#QE,14
"#Qatar,",1
#Qrator,1
#Quest,1
#RAEESYAMEEN2018,21
#RAWaftermania?,1
#RBC,5
#RBI,15
#RBIpolicy,1
#RD,19
#REAL,1
#REALESTATE,39
#REALTOR,1
#RELIGION,3
#RERA,1
#RESIST,2
#RESISTANCE,2
#RETWEET<U+3011>PressTV,4
#REVIEW,3
#RILAAP,1
#RKrivoFX,1
#RSF,3
#RSX,16
#RT,7
#RUSSIAUKRAINE,2
#RUSSI?,1
#Raaja_Kanwar,1
#Racial,1
#Racism,4
#RaeesYame?,10
#Rail,1
#RajyaSabha?,1
#RanD,1
#Rand,1
#RandomJotting,1
#RapaNui,1
#Rate,1
#Rates,3
#Rates?,1
#RayLucia,1
#Raytheon,3
#RealEstate,105
#RealEstate<ed><U+00A0><U+00BD><ed><U+00B2><U+00B0><ed><U+00A0><U+00BC><ed><U+00BF><U+00A1>,1
#RealityCheck,1
#RealtorDotCom,32
#Rebound:,1
#Rebuilding,1
#Recession,3
#Reces?,19
#Record,1
#Recovery,6
#Recruitment,1
#Referandum,1
#Refineries,1
#Refugees?,7
#RegenerativeEconomy,1
#Regulation,1
#Regulation.com,2
#Regulators,1
#Reimagined,1
#Reise,1
#RelianceInfrastructure,1
#Remain,1
#RemkeI?,1
#RenewableEnergy,1
#Renminbi_Currency_,1
#Renting,1
#Rep,1
#Republicans,2
#Reserve,1
"#Resilience""",3
#Resource,1
#Resources,12
#Retail,12
#Retail's,1
#RetailTuesday,4
#Retailers,4
#Retweet,1
#Review,2
#Revive,1
#Revolutionary,2
#RexColumn,1
#Rich,2
#RichardMurphy,2
#RigCount,1
#Rikers~closure,1
#RiseOfTheTigers,1
#RisingPakistan,1
#Risk,2
#Risks,1
#RobertRubin,1
#RobinMcAlpine's,2
#Robots,1
#Rochdale,3
"#Rosneft,",1
#Rothbard,1
#Rothschild,1
#Rouhani,7
#Rupiah,1
#RupiahExchangeRate,1
#Rush,1
#Russia,44
#Russia!!,1
#Russian,2
#Russia?,2
#SA,2
#SA's,1
#SADC,1
#SAFE,3
#SAIT,1
#SBI,1
#SCB17,2
#SCIENCE,26
#SCL,1
#SDGs,2
#SDLP,1
#SECURITY,15
#SERVE,2
#SEZ,2
"#SEZs""",1
#SF,3
#SGD,2
#SHTF,43
#SJL,1
#SMB,2
#SMBs,6
#SMEpost,6
#SMEs,14
#SNP,1
#SOCIETY,7
#SONA,1
#SONA?,1
#SP500,2
#SPACE,3
#STEM,1
#STRAYA,3
#STYLES,2
#SUCCESS!!!!!!,1
#SWAYAM,1
#SWFL,26
#SWOT,1
#SYRIA,5
#Sabc,2
#Sabotage,1
#Sabotaged,2
#Sacramento,2
#Sad,1
#Sad.,1
#Safe,1
#SafeHaven,1
#Sales,1
#Sam,4
#SanDiego,1
#SanFrancisco,2
#Sandel,1
#SantoshKumarGangwar,1
#Saskatchewan,1
#Saskatchewan's,2
#SaudiArabia,1
#Saudivision2030,4
#SavasaHayir,1
#Save,1
#SaveFuel,1
#SaveOurNHS,5
#SaveSouthAfrica,1
#SaveTheLastTrain,1
#Say,1
#Science,58
#Science_amp_Health,1
#Scientific,1
#Scissors:,5
#ScotRef,2
#ScotRef?,12
#Scotland,10
#Scotland?,2
#Scottish,1
#Scottsdale,1
#Sears,1
#Secrets,1
#Security,12
#Security?,1
#SeenFromUK,2
#SemanaSanta2017,1
#Senator,1
#Seniors,1
#Sextoys,7
#Shabby,1
#Shakes,2
#Shale,1
#Shanghai,4
#Share,7
#ShareMarket,4
#Shareholders,1
#Sharing,31
#SharingEconomy,5
"#Sharingeconomy,",1
#Shehbaz,2
#SheikhHasina,1
#Shenzhou11,1
#Shitler,1
#SiliconValley,3
#Silver,2
#Singapore,3
#Singapore's,1
#SingaporeAirlines,1
#Sisi,1
#SkillIndia,1
#Skills,2
#SkollWF,3
#Slovakia,1
#Slowdown,1
#SmallBusiness,12
#SmallBusiness?,1
#SmallSavings,1
#SmartCities,2
#SmartEcologies,1
#Smartcity,3
#Smith,1
#Smokescreens,1
#So,1
#SoCal,1
#SocEnt,1
#Social,2
#SocialMedia,2
"#SocialSecurity,",7
#Socialism,1
#Society,4
#Society.,1
#Softskills,1
#Solar,2
#Somali,1
#Somalia's,1
#Sonoma,1
#SorumlusunOyVer,1
#SoundCloud,1
#SoundTrainingNews,1
#Sounding,3
#SouthAfrica,7
#SouthAfrica.,1
#SouthAfricaWillRise,1
#SouthAmerica,1
#SouthChinaSea:,1
#SouthChinaSea;,1
#SouthKorea,25
#SouthKorea's,4
#SouthSound,1
#SouthSudan,2
"#SouthSudan,",1
#SouthernAfrica,1
#SouthernCali,1
#Southwest,1
#South?South,1
#So?,1
#Space,3
#SpaceProgram,1
#Spain,11
#Spain:,2
#Speaker,2
#Spending,4
#Sporting,4
#Srbi,1
#Srbija,1
#SriLankan,1
"#Srilanka,#Bangladesh.",3
#Stability,1
#Stabilit?,2
#Stagnation,1
#StarMagic25,1
#Starbucks,12
#StartUp,1
#Startup,19
#Startups,4
#State,2
#Statistics:,1
#StayInformed,1
#Steel,4
#SteemDollar,1
#Steemit,4
#StockExchange,2
#StockMarket,21
#StockMarkets,8
#StockMarket?,2
#Stockmarket,11
#Stocks,41
"#Stocks,",4
#Stocks...,1
#Store,2
#Stores,1
#Strategies,7
#Strategy,5
#Strathclyde,1
#Street's,3
"#Strength""",10
#Stuck,1
#Student,1
#Studentloan,1
#Studentloans,1
#Students,2
#Submarine,1
#Suburbs,1
#Success,5
#Successful,1
#Sudan,6
#Sugars,1
#Suicide,1
#Sun,1
#Sung,4
#SuperForex,1
#SupplyChains,1
#Support,2
#Survive??,1
#Sustainability,7
"#Sustainability,",1
#Sweden,1
#Sweden!,1
#Sweden's,16
"#Sweden,",1
#Switzerland,1
#Sydney,3
#Synereo?s,1
#Syria,10
"#Syria,",1
#Syria.,4
#Syria:,1
#SyriaStrikes,2
#Syrian,1
#SyrianAirStrikes,2
#SyrianConflict,1
#SyrianStrikes,3
#TAPJETS,1
#TBT,4
#TCOT,15
#TECH,41
#TED,2
#TEHA,4
#THREAT,1
#TIMBERNERSLEE:,1
#TO,1
#TOP,1
#TOPoli,1
#TPP,8
#TRADING,1
#TRFinRisk?,3
#TRIESTE,5
#TRUMP,3
#TTO,4
#TV,1
#TaiChi,1
#TaiChi?,1
#Taichi,1
#Taiwan,1
#Taiwan's,3
#Taking,1
#Talent,1
#TamilNadu,1
#TaskRabbit,1
#Tataouine,2
#Tax,11
#TaxCut,1
#TaxMarch,1
#TaxPenalties.,1
#TaxReform,1
#Taxes,1
#TaxingWages,1
#TeaParty,5
#Teach,1
"#TearGassed,",1
#Tech,106
"#Tech,",1
#TechNews,1
#TechTuesday,1
#Technews,4
#Technol..,1
#Technol.?,4
#Technology,22
#Technology?,1
#Technolog?,1
#Technol?,3
#Techno?,1
#Tech?,1
#Tec?,1
#Telcos,2
#TelecomSector?,1
#Tennessee,1
#Tennis,4
#TermLimits,1
#TermsTues,1
#Tesla,2
#Texas,1
#Thailand?s,1
#ThankYou,1
#Thatcher,1
#TheAlexJonesChannel,1
#TheBigPicture,3
#TheDoughnut,3
#TheFutureisNow,1
#TheInvisibles,1
#TheLaborDepartment,1
#TheMoneyMen's,1
#TheTimes,2
#Things,1
"#ThinkTank,",1
#ThirdWorldAmerica,1
#ThirdWorldAmerica?,1
#This,1
#ThisOrThat,3
#ThomasJefferson,1
#Thought,1
#Tianjin?,1
#Tibet,3
#Tietze,1
#TilePlacement,1
#Times,2
#To,2
#ToFollow,1
#Today,2
#Token,1
#Tomahawk,1
#TooBigToFail,1
#Top20,1
#TopTen?,1
#TopWorkplaces,1
#Topic,2
#Tories,1
#Toronto,3
#Tory,1
#Toshiba,1
#Total's,1
#Tough,1
#Tour,1
#Tourism,2
#Trade,12
#TradeTalk,9
#Trader,1
#Traders,2
#Trades,80
#Trading,29
#TradingBell,1
#Transformation,1
#Transforming,1
#TransformingIndia,5
#TransformingIndia?,1
#Transit,1
#Transitional,3
#Transport,2
#Travel,3
#Travelers,1
#Travindo,1
#Tra?,1
#Treasuries,1
#Treasury,1
#Trending,1
#Trends,14
"#Trends,",1
#Trucking,1
#Trump,90
"#Trump""",1
#Trump's,3
"#Trump,",2
#Trump...,1
#Trump45,1
#Trump:,3
#TrumpJobs,1
#TrumpLies,3
#TrumpPence,1
#TrumpPenceRussia,1
#TrumpPromises,1
#TrumpQandA,1
#TrumpTrain,1
#Trumpocene,1
#TrumpsAmerica,1
#TrumpsTweets,1
#Trump?,1
#Trump?s,2
#Trust,1
#Truth,2
#Tuesday,2
#TuesdayMotivation<ed><U+00A0><U+00BE><ed><U+00B4><U+009E>#EMPATHY<ed><U+00A0><U+00BD><ed><U+00B4><U+009B>#AMBITION<ed><U+00A0><U+00BD><ed><U+00B4><U+009B>#POWERofIMAGINATION,1
#Tunisia,2
#Tunisian,1
#Turkey,33
#Turkey's,4
#Turkish,1
#TurnAround,1
#Turnabout,1
#TurnbullisToast,1
#Twitter,2
#Two,3
#T?rkei,4
#U.S.,2
#U6Rate,2
#UA!,1
#UAE,2
#UAV's,1
#UCL<U+26BD><U+FE0F>Final,1
#UK,76
#UKProperty,1
#UKbiz,2
#UKeconomy,1
#UKeconomy?,1
#UN,6
#UNITED,3
#US,217
#US:News,1
#USA,103
#USA),2
#USA.,1
#USA:,1
#USA=#CanWeTalk,1
#USAF,1
#USA?,1
#USConstitution,1
#USD,103
"#USD,",7
#USD/#SEK:,1
#USDCAD,1
#USEconomy,3
#USGovt,1
#USMTO,1
#USPolitics,1
#USWorkers,1
#US_Politics,3
#USeconomy,1
#UT,1
#UUP,1
#UX,2
#Uber,2
#Ubs?,1
#Uganda,1
#UltimateClassAirfares,1
"#Ulyukayev,",1
#UnderemploymentRate:,1
#Understanding,1
#Unemployment,14
#Unemployment:,1
#UnemploymentRate,1
#Unemplo?,65
#Unions,1
#UniteBlue,2
#United,1
#UnitedStates,18
#United_States_Economy,2
#Universal,1
#UniversalCredit,1
#University,3
#Updatefly,1
#UrbanLife,1
#Usa,1
#UserExperience.,8
#VAT,2
#VATinUAE,1
#VC,13
#VERGEcon!,1
#VIKEZ,2
#Valley,1
#Value,3
#Vancouver,2
#Vegetarian,1
#Venezuela,3
#VentureCapital,4
#Ven?,3
#Veteran,1
#Vid,3
#Video,2
#Video:,1
#VideoTrends,3
#ViernesDeJirafa,1
#Vietnam,1
#Violence,1
#ViperMK7,1
#Volatility,1
#W7,1
#WAR,2
#WARDRAFTVETERANAFFAIRS,4
#WARDRAFTVETER?,1
#WATCH,9
#WCW,52
#WDI,1
#WEC,2
#WEC?,1
#WEF,1
#WEconomic,1
#WITW,1
#WIWorking,2
#WLL,1
#WMD,2
#WORLD,20
#WP,2
#WRI,1
#WSJ,1
#WW,1
#WW3,1
#WWIII,1
#Wachstum,2
#Wage,1
#Wages,26
#WakeUpAmerica,1
#Wales,5
#Wall,3
#WallSt,1
#WallStreet,8
#WallStreet/#Yellen,2
#WallStreet:,1
#Walmart,1
#Walmart?,1
#War,4
"#War,",1
#WarRavaged,1
#Wars,1
#Waste,3
#Watch,1
#Water,8
#WaterC?,2
#WazirInsights,1
#WeChat,12
#WeThePeople,2
#Wealth,1
#Weather,4
#Webinar,3
#WednesdayWisdom,1
#WeekDays,1
#WelcomeMalaysiaToCPEC,1
#WelcomeMa?,2
#Wellness,1
#WellsFargo,2
#Welsh,1
#Welt,1
#Westchester,1
#WesternSlope:,1
#WesternStates,1
#We?,8
#WhereAreTheJobs,1
#Wholesale,1
#WillemTait,7
#Wil?,1
#Wind,1
#Winnie_Byanyima,1
#Winnipeg,1
#Wirecard,1
#Wiretapping.,1
#Wirtschaft,4
#Wisconsin,2
#Withholdings,2
#Women,1
#WomenPower,1
#Wooork,1
#Work,2
"#Work,",1
#Workers,2
#Working,1
"#Working,",1
#Workplace,1
#Works?,2
#Workshop,3
#World,27
#WorldBank,3
"#WorldBank,",2
#WorldEconomicForum,2
#WorldMarket?,2
#WorldPeace,1
#World?,1
#X22Report,1
#XLAirways,2
#Xi,7
#XiJinping,4
#YEG,1
#YOUTH,21
#YPFP,1
#YQL,1
#YYC,1
#Yellen,8
#Yellen??,1
"#Yen,",1
#YouTube,2
#Young,1
#Youth,50
#Yugoslavia,1
#ZAR,1
#ZEROHOURS,1
#ZIRP,2
#Zagreb,1
#Zambia,2
#ZeroHedge,1
#Zerohunger,1
#Zipcar,1
#Zukunft,1
#Zuma,11
#ZumaBirthday,1
#ZumaMustFall,1
#ZumaOut,1
#_Pakistan,1
#_mkl!,3
#a,1
#abc,1
#abcnews,1
#abdulrazaksalawu,1
#abecon,4
#abenomics,2
#abiodunolanrewaju,1
#ableg,1
#abpoli,1
#absenteeism,1
#abudhabi,1
#access,1
#accessibility,2
#accountability,1
#accountants,1
#ad,9
#addiction,1
#adp_employment_report,1
#adult,2
#adulthood,4
#adultingschool,2
#adultlearner,1
#advisor,1
#aerospace,2
#affordablehousing,2
#afghanistan,1
#africa,6
#against?,1
#agile,2
#agriculture,8
#agriculture?,1
#agritech,1
#ai,15
#aid,1
#airasia,1
#airbnb,1
#aircraft,2
#airindia,1
#airline,2
#airlines,3
#airports,2
#aisle,1
#akb48,1
#alberta,4
#alberteinstein,2
#algae,1
#alhajimahmudbello,1
#alliance,1
#alternative,1
#amazon,1
#ambassadorzaheerjanjua,1
#america,10
#americans,1
#amex,1
#aminugwadabe,1
#amreading,1
#amwriting,1
#analysis,3
"#analysis,",1
#analytics,39
#ancom,2
#andaluc?ahoy,1
#anime,1
#anipals,1
#antichrist,3
#api,1
#apparel,1
#apprenticeships,2
#aquatiss,1
#arbeiten40,1
#architect,1
#architects,1
#architecture,6
#architectu?,1
#armenia,1
#armenia?,1
#art,2
#artificialintelligence,2
#artific?,1
#artifi?,1
#arts,1
"#arts,",1
#asbestos,1
#asia,10
#asiantiger,1
#asia?,1
#asset,1
#assets,1
#asteroids,1
#astoria,1
#atlanta,1
#atr,1
#attack,1
#attention,7
#audit,1
#ausbiz,2
#auspol,9
#auspol#ausunion,2
#aussie,3
#austerity,5
#aus?,1
#auto,1
#automatic_motorbike,1
#automation,103
#automobile,1
#automotive,3
#autos,2
#aviation,2
#avoid,1
#awakened,3
#awesome,3
#azerbaijan,1
#b2b,3
#bailout,2
#balancesheet,1
#bamb?,2
#bangladesh,1
#bank,14
#bankaccount,1
#bankaccount?,1
#bankers,10
#banking,33
"#banking,",3
#banking?,3
#bankruptcy,1
#banks,9
"#banks,",1
#barbershop?,5
#basicincome,7
#basicin?,1
#bbc,2
#bbcnews,1
#bbnaija,1
#bcpoli,2
#bcpoli?,1
#bcucitytalks,1
#beautiful,1
#become,1
"#bee,",3
#beijing,1
#benchmarks,1
#berita,1
#bernie2016,2
#bernieorbust,2
#best,1
#bestseats,1
#bestservice,1
#betterworld,1
#bhp,1
#bhp?,1
#bici,3
#bicicletta,3
#biden,1
#bigbox,1
#bigboxstores,1
#bigdata,32
#bike,2
#bill,5
#billion,1
#biobased,1
#biob?,2
#biodiversity,2
#biofuel,1
#biofuels,1
#biosphere,2
#bitcoin,22
#bitcoins,1
#bite?,1
#biz,3
#blackberry,1
#blind,1
#blockchain,51
#blockchain?,1
#blog,7
#blogger,2
#blogging,1
#boating,1
#bogan,3
#bond,2
#bonds,13
"#bonds,",1
#boobage?,6
#boobs,6
#book,2
#bookreview,1
#books,7
#boom,1
#boomers,1
#boost,2
#borderadjustment,4
#bosanci,1
#bottledup,1
#brand,17
#branding,3
#brazil,3
#breaking,2
#breakingnews,1
#breasts,6
#brexit,32
#brexit?,2
#brics,3
#bridges,1
#brightline,1
#britain,4
#britney,1
#broadband,3
#brokenomics,1
#broker,2
#btc,4
#bubble,10
#bubbles,1
#bubbles?,1
#budapest,3
#budget,10
"#budget,",7
"#budgets,",8
#buffalo,1
#buildawall,4
#builder,1
#building,1
#burst,1
#business,320
"#business,",6
#business2,16
#businessclass,1
#businesses,2
#businessesoftomo?,1
#businessman,3
#businessmodels,15
#businessnews,2
#business?,14
#busin?,1
#bust,1
#buyer,1
#buylocal,1
#b?,3
#c-bank,1
#cad,7
#cadrought,1
#calculator,1
#california,2
#campaign,2
#campus,2
#canada,8
#cancer,3
#cannabis,8
#canpoli,16
#canpoli).,1
#cantgetworse,1
#capital,1
#capitalism,4
#capolitics,4
#car,14
#caracas,1
#carbonpricing,10
#carbontax,1
#cardiff2017?,1
#care,2
#career,6
#care?,2
#cargo,1
#carpet,1
#cars,6
#cartoons?,1
#cash,9
#cashcow,1
#cashgold,3
#cashless,2
#cash?,1
#catchup,1
#catcot,2
#cattle,1
#cawater,2
#cbn,2
#cdnecon,18
#cdnpoli,22
#centralbank,2
#centralbankofnigeria,1
#cex,4
#chain,2
#chandleraz,1
#change,3
#changing,1
#charges,1
#charging,1
#charities.,1
#cheap,4
#checkoutindo:,4
#chemicals,3
#cheney,1
#cheshire,1
"#chic,",1
#child,4
#childcare,1
#children,1
#childre?,1
#china,11
#choice,1
#ciencia,1
#circular,6
#circulareconomy,2
#circumpolar,1
#cities,8
#citizens,2
#citybuilding,5
"#civilization,",1
#clean,1
#cleanenergy,4
#cleantech,2
#cleantech?,1
#cleanwater,6
#climate,41
"#climate,",1
#climate_change,1
#climateaction,10
#climatechange,15
#climatechange.,1
#cloud,1
#clueless,1
#cme,1
#cnn,2
#cnnchile,1
#coach,1
#coal,9
#coal?,1
#cocoa,1
#code,1
#coffee,3
#collaboration,1
#collapse,1
#college,19
#collegetalk,2
#colony,1
#commerce,7
#commercial,2
#commercialrealestate,1
#commodities,3
#commons,1
#community,12
#communitydevelopment?,3
#communitymanager,2
#companies,4
#company,1
#comparisons?,10
#complessit?,1
#completion,1
#compliance,1
#computing,1
#conductrisk,1
#conference,1
#confidence,1
#conflict,2
#congress,1
#connectandcollaborate,1
#connectivity,1
#connectivity:,2
#conservatives,3
#constantly,1
#constitution,2
#construction,43
"#construction,",1
#construction?,3
#consumer,13
#consumer-centric,1
#consumers,17
#consumers.,2
#consumerspending,1
#consumption,2
#consumtion,1
#contact?,1
#content,3
#context,1
#control,2
#con?,8
#cooperation,2
#cooperativadt,1
#cooperative,1
#copolitics,1
#coral,1
#coralreefs,1
#corporate,1
#corporateresponsibility,3
#corruption,14
#corruption~#Monarchy<ed><U+00A0><U+00BD><ed><U+00B4><U+0080>#government~#Muslim-35th,1
#costofliving,2
#cotton,1
#countries,1
#countrydirector,1
#court,1
#covered,1
#cow,2
#coworking,1
#cows,1
#cpc16,5
#craftbeer,1
#crashing,1
#cre,3
#create,1
#creative,4
#creativeeconomy,1
#creatives,1
#creativity,2
#credit,7
#creditcard,1
#creditcarddebt,1
#crisis,3
#cro,1
#crossplatform,1
#crowdfunding,4
#crude_oil,1
#crudeoil,1
#crypto,1
#cryptocurrency,2
#cryptocurrency?,9
#cryptotokens,1
#csculmtg.,4
#cuerpo,1
#cultura,1
#cultural,3
#culture,7
#cuneo,1
#curablevitamins,1
#currencies,3
#currency,4
#currencywatch,8
#cuts,3
#cyberattack,1
#cybercrime,1
#cycling,1
#c?,31
#dallas,1
#dallasrealestate,1
#dal?,3
#damage,1
#data,26
#dataanalytics.,1
#dataevolu?,2
#datanalytics,9
#dataviz,24
#dataviz?,9
#datav?,1
#dayoadeyeye,1
#da?,7
#dc,1
#de,1
#death,5
#deathspiral,1
#debate,1
#debt,36
#debtmanagementoffice,1
#debtrelief,1
#debt?,2
#decentralization,1
#decentralize,4
#decentralized,4
#deception,1
#decision,1
#deepstate,2
#defence,3
#defence?,1
#defense,3
#defenses,1
#deficit,1
#deflation,1
#defstar5,78
#dehsdoot,1
#deleteUber,1
#deliveroo,1
#democracy,3
"#democracy""",2
"#democracy,",2
#democrat,1
#demographic,1
#demographics,4
#demography,2
#dentists,2
#denver,1
#deploy,1
#deposit,10
#depreciation,1
#depression,1
#design,4
#despair,1
#destroyed,1
#destroyed.,2
#devalued,1
#development,3
#developme?,1
#device,1
#de?,3
#dfw,1
#dfwrealestate,1
#diesel,7
#digital,45
#digitalization,1
#digitalization?,1
#digitalmedia?,1
#digitalnomad,1
#dinero,1
#disabilities,8
#disaster,1
#disasters,4
#disastrous,1
#disruptive,1
#distributed,6
#distribution,1
#diversification,1
#diversify,5
#diversity,7
#dluh?,1
#dnc,1
#docu,2
#dodgingtaxes,1
#doesnt,1
#dolla,3
#dollar,116
#dollarama,1
#domestic,2
#donald_trump,1
#donaldtrump,2
#donna,2
#doping,3
#downtown,1
#dreamed,1
#drivers,2
#drones,2
#dropouthillary,1
#drought,3
#drypowder,1
#dsnscience,1
#dubai,3
#dubaitohochiminhcity,1
#dummies,2
#duval,1
#dvfawards,1
#dwaiinvest,1
#dxy,1
#dynamic,1
#dynamism,2
#e-bike,1
#eBook,1
#eCONomy,2
#eCommerce,1
#earn,5
#earn_money_fast,1
#earn_money_from_home,1
#earnings,6
#earth,2
#earthday,1
#earthquake,2
#easier.,1
#easter,3
#eaulaity,3
#ebook,1
#ec,5
#ecb,5
#eco,3
#ecology,10
#ecommerce,41
#econdev,1
#econlunch,1
#econmics,5
#econmics?,1
#econocracy,1
#economia,37
#economiacircolare,1
#economiacollaborativa,1
#economic,132
#economicdevelopment,1
#economicgrowth,1
#economicreview,12
#economics,61
#economics|,8
#economics?,1
#economicupdate,1
#economies,1
#economija,1
#economist.,1
#economists,11
#economy,6363
#economy!,8
"#economy""",4
#economy',2
"#economy,",197
"#economy,?",105
#economy-on-rise,1
#economy.,149
"#economy.""",3
#economy...,5
#economy...https://t.co/yid4VlJror,1
#economy.Children,1
#economy.?,4
#economy:,109
#economy:?,2
#economy;,6
#economy<ed><U+00A0><U+00BD><ed><U+00B3><U+0088>#Employment,1
#economy?,73
"#economy?""",3
#economy?,99
#economy??,1
#econom?,1
#econom?a,1
#ecosustainability,1
#ecosystems,1
#edchat,1
#edge,1
#ediscovery,1
#edtech,1
#edububble,1
#education,22
"#education,",3
#education.,1
#educationsector,1
#education?,1
#egypt,10
#ekonomija,1
#elearning,1
#electricity,2
#electricuniverse,1
#elite,1
#embradier145,1
#emefiele,2
#emergence,1
#emerging,3
#emergingmarkets,3
#emission.#economy,1
#emissions,10
#empathy,1
#emploi,1
#employability.,1
#employees,1
#employers,2
#employers...,2
#employment,38
"#employment,",4
#employment?,2
#empowered,1
"#empowerment,",1
#emprendedores,3
#emprendedores!,2
#emp?,20
#encrypted,2
#end,1
#endeavor,1
#endpoverty,1
#enemies,1
#enemie?,1
#energy,44
"#energy,",1
#energy?,1
#engineering,1
#ennovan?,1
#enterprise,6
#entertai,1
#entertainment,6
#entrepeneurship,1
#entrepreneur,9
#entrepreneurs,3
#entrepreneurship,5
#entrepreneurship?,1
#enuguinternationaltradefair,1
#envideo,1
#environment,42
"#environment,",1
#environment.,1
#environmental,1
#environmen?,1
#epn,1
#equal,6
#equality,9
"#equality,",1
#equalpay,20
#equipment,1
"#equities,",116
#equity,5
#ert,2
#ertinternational,2
#esm,5
#estimate,1
#etf,2
#ethanol.,2
#ethereum,1
#ethics,3
#eu,5
#euro,13
#europe,13
"#europeanidentity""",1
#europe?,8
#eurozone,2
#eurusd,1
#eventhost,1
#eventprofs,1
#even?,1
#everyday,7
#evidence,4
#evolution,1
#exams,1
#expansion,1
#expenses,1
#experience,1
#experts,6
#exploitation,3
#export,7
#exports,2
#extraincomes,3
#e?,2
#f4f,2
#facelift...,1
#factory,1
#facts,2
#fail,3
#fairtax,2
#faith,1
#fakenews,1
#fakeonomics,1
#family,4
#farm,2
#farmer,1
#farmers,2
#farmersmarket,6
#farming,2
#farms,2
#fascism,1
#fashion-industry,1
#fashionladies,1
#fastest,2
#featured,3
#fed,3
#federalbudget,1
#feds,1
#fee,1
#feedly,1
#film,6
#finTech,1
#finance,279
#finance2,25
#finance20,3
#financekit,1
#finances,6
#finances?,1
#finance?,2
#financial,41
#financialcrime,3
#financialcrisis,2
#financiallysimple,2
#financialplanning,1
#financing,1
#financ?,76
#finanzas,1
#finan?,1
#fina?,2
#fintech,78
#fintech?,1
#fin?,4
#firms,13
#fiscalpolicy,1
#fishing,4
#fleisch,1
#flexibility,1
#flight,2
#flight.,1
#flight3411,1
#flightcancel,1
#flight?,1
#flop,1
#flyamerica,1
#follow,1
#food,8
#foodbanks,3
#foodsecurity?,1
#foodsharing,3
#foodstamps,1
#for,1
#forbes,6
#foreclosures,1
#forex,48
#forexalerts,3
#forexsignal,3
#forexsignals?,1
#forex?,3
#foroi,1
#fossilfriday,1
#fossilfuel,5
#fossilfuels,1
#fotografia,1
#fot?,1
#founder,2
#foxnews,1
#franchise,2
#frases,3
#fraud,24
#free,2
#freedom,1
#freelance,1
#freelancer,2
#freelancers,7
#freemarket,1
#freetrade,2
#freight,13
"#freightTSI,",2
#frenchelections,1
#fre?,5
#friday,1
#friends,5
#friendship,1
#fucktrump,1
#fuel,3
#fuelchoice,3
#fueleconomy?,1
#fukushima,3
#fun,3
#funding,3
#funeral,4
#future,14
#future?,1
#futureofwork,109
#futures,3
#futurist,5
#fx,5
#f?,2
#f?sica,1
#gaikwad,1
#game,1
#gamedev,3
#gamedevdays,2
#gaming,2
#gas,3
#gdp,4
#geek,4
#gen2243,1
#gende,1
#gender,2
#genderdiversity,1
#gennbn,1
#genomics,2
#genpatsu,1
#geopolitical,1
#geopolitics,1
#germany,1
#getalife,1
#getbritaintrading,2
#getinvolved,1
#gig,11
#gigeconomy,8
#girlfriend,1
#giveaway,1
#global,11
#globalgrowth,1
#globalization,24
"#globalization,?",1
#globalpolitics,1
#globalwarming,3
#globe,2
#gmb,1
#gocollate,9
#gocollateapp,2
#gold,13
"#gold,",106
#goldstandard,1
#good,1
#goodmovie,1
#goodnews,4
#google_trends,1
#gop,2
#governance,2
#government,7
#grassfamilyhemp,1
#greatlakes,2
#greed,2
#greedy,3
#greek,6
#green,5
#green-roofed,1
#greeneconomy,3
#greeneconomy?,1
#greennewdeal,1
#green?,2
#grid,1
#grownup,2
#growth,55
"#growth,",117
#growth?,1
#gstbill,1
#guardian,5
#guests,1
#gunrights,1
#gust,4
#h1bvisa,1
#h1bvisa?,1
#ha,1
#hacking,1
#hair,1
#hairdresser,5
#hamburger,1
#handling,1
#hate,2
#haveyoursay,1
#hcr,1
#headsofmissions,1
#health,30
"#health,",11
#healthcare,10
"#healthcare,",1
#healthcarereform,48
#health?,1
#heaps,3
#hellscape,1
#hemp,1
#heritage,3
#highered,9
#highered?,1
#hillaryclinton,1
#hiring,4
#hiring?,1
#historic,1
#history,11
#history?,5
#home,14
#homebusiness,5
#homeowners,1
#homeownership,1
#homeprices,1
#hom?opathie,1
#horror,4
#horror!,1
#horticulture,1
#hospice,2
#hostel,12
#hotel,33
#house,2
#houseprices,1
#housing,48
"#housing,",7
#housingcrisis,5
#housingmarket,1
#housingshortage?,1
#housi?,1
#howto,6
#hpm,2
#hub,1
#humaneconomy?,1
#humanities,1
#humanity,6
"#humanity""",1
#humanrights,5
#humanr?,16
#human?,3
#hum?,1
#hungary,6
#hurting,1
#hype:,1
#iOS10,1
#iartg,3
#icon,1
#ictjobs,1
#ideas,1
#idecs,1
#illegalimmigration,1
#illegals,1
#ilm,2
#ilooklikeasurgeon,1
#ilovejax,1
#imfbrugel,1
#immigrant,3
#immigrants,3
#immigrants:,1
#immigration,15
#impact,3
#impactinvesting,1
#impeachtrump,2
#impinv,3
#import,2
#importers,4
#imports,4
#imposition,1
#inclusion,7
#income,14
#income_tax,2
#incomeinequality,6
#incomes,3
#income?,11
#independent,2
#independents,1
#index,1
#india,10
#india?s,1
#indigo,1
#industrial,11
#industrials,1
#industry,11
#indyref2,1
#ind?pendant,1
#inequality,8
#inequality:,1
#inflation,13
#inflation?,1
#infographic,6
#infosec,2
#infrastructure,14
#infrastructure?,1
#inf?,1
#ingresos,3
#ingresosextra,3
#innovate,1
#innovation,62
"#innovation,",2
#innovations?,1
#innovation?,2
#innovative,1
#innovative?,1
#innovat?,1
#innovazione,1
#inshot,77
#insiders,1
#insights,1
#inspiration,2
#inspiration?,1
#inspire,1
#insurance,6
#insurgency,6
#int,1
#intercultural,1
#interest,9
#interestrate,4
#interestrates,2
#internacional,1
"#internationalconflicts,",2
#internationaltrade,1
#internet,12
#invention,1
#inventories:,1
#invest,5
#investing,211
#investing:,1
#investingideas,1
#investment,12
#investments,7
#investments-,1
#investments?,1
#investment?,1
#investor,2
#investors,6
#investors.,2
#invest?,1
#iot,4
#iotnordic,8
#iotnordic?,1
#ipadpro,1
#iphones,1
#iran,1
#irishjobs,2
#irony,10
#irs,2
#isaacokorafor,1
#isas,1
#isis,3
#islam,1
#issues,1
#it4rail,2
#i?,1
#jamesakpandem,1
#japan,5
#japaneseyen,1
#jax,1
#jaxcommunity?,1
#jaypee,2
#job,43
#jobgrowth,1
#jobless,1
#jobmarket,2
#jobreport,1
#jobs,389
#jobs).?,1
"#jobs,",127
"#jobs,#criminals,#deportations,#visas,#borderWall.",1
#jobs.,2
#jobs;,1
#jobsreport,2
#jobs?,1
#journalism,3
#joytrain,2
#jo?,1
#juggles,6
#junkstatus...,1
#junkstatus?,1
#jurisdiction,1
#justice,2
#justsaying,1
#justus,1
#j?,2
"#kaput,",1
#karatbars,1
#karatpay,1
#kashmir,2
#keepcount,1
#kemiadeosun,1
#khomeini,1
#kids,3
#kill,1
#knightgroup,3
#know,24
#knowledge,4
"#knowledge,",2
#knowledge.,1
#ktuu,2
#kuching,1
#la17,2
#lab16,5
#labor,29
#labordemands,1
#labor?,1
#labour,1
#labourmarket,2
#landlords,4
#landuse,2
#land?,1
#langchat,1
#language,1
#languages,1
#languages?,15
#lapalma,1
#largest,2
#latestnews,2
#latinx,3
#lavoro,1
#law,7
#laws,1
#laws?,1
#lazy,1
#leader,6
#leadership,10
#leadership...(&amp;,11
#leadership?,1
#leadershp,1
#learn,25
#ledger,6
#lefigaro,2
#lemindo,2
#lending,11
#lending?,4
#leninism,1
#lethbridge,1
#liberal,1
"#liberalmath,",1
#libert?,1
#liderazgo,44
#lidera?,1
#lies,1
#life,2
#life?,1
#lifecourse,6
#lifenews,1
#lifestyle,6
#lille,2
#linkedin,1
#linux,1
#lisbon,1
#littlethings,1
#lives,1
#living,1
#livingwage,2
#lka,1
#lnp,1
#loan,2
#loans,1
#lobbying,1
#local,7
#localfirst,1
#localfood,6
#logistics,4
#lomasvisto,1
#lom?sle?do,1
#london,6
#longhaul,1
#longhaul?,1
#longread,2
#loonie,1
"#loonie,",1
#loveoneanother,1
#lowcarbon,3
#lowgasprices,2
#lps,1
#lqd,1
#lt,1
#lunow,1
#luxury,1
#machinelearning?,4
#machinelearn?,1
#macri,1
#macro,1
#madeinlosangeles,1
#maduro,1
#magazine,1
#mahattan,1
#makemoney,1
#makeyourownlane,87
#makeyourownlane?,1
#malaysia,1
#malliardreport,1
#malls.,1
#management,6
#manamfashion,1
#manipulated,1
#manufacturers,4
#manufacturing,125
"#manufacturing,",1
#manufacturing:,4
#manufacturing?,1
#manure,1
#map,1
#mapoli,2
#marijuan,2
#marijuana,2
#maritime,1
#market,40
#marketin,1
#marketing,33
"#marketing,",6
#marketingdigital,1
#marketing?,3
#marketplace,2
#marketplace?,1
#markets,685
#markets.,2
#marshawright,1
#marxism,1
#maryland,1
#maskedball,2
#maskoffchallege,1
#massincarceration,1
#math,1
#ma?,1
#mcmaster,1
#media,8
#medical,10
#medicaldevice,1
#medication,1
#medicati?,1
#medicine,2
#meetup,3
#megacities,1
#megatrend,2
#menshealth,1
#mentors,1
#metals,1
#metals?,3
#metaltube,1
#metalworking,2
#metrics,2
#mfg,11
#miami,1
#micropayments,6
#midday,1
#middleclass,4
#midlands,1
#migrants,1
#migration,2
#military,1
#millenials,3
#millennials,3
#millonarios,1
#mind,1
#mindset,1
#mindset?,1
"#minimalism,#social,#entrepreneur,#spiritual,#environment,#consuming,#economy",1
#minimumwage,6
#mining,3
#ministry,1
#minorities?,1
#missiles,1
#missilestrike,1
#ml,9
#mmn,3
#mobile,5
#mobili?,1
#models,1
#modern,3
#moms,3
#monetary,3
#monetarypolicy,6
#money,111
"#money,",1
#money?,4
#money?!,2
#moneyadvice,1
#moneylaundering,1
#monolingualism,16
#monster,4
#mood,1
#morality,1
#morocco,2
#mortgage,5
#mortgagerates,3
#mortgages,3
#mortgage?,1
#mortg?,5
#motivationalquotes,1
#movietvtechgeeks,1
#moving,1
#moving?,1
#mp3mit,1
#mpesa,1
#mrx,1
#msdatasummit,1
#msnbc,1
#muhjobs,2
#mummy,4
#mumsadvice,2
#music,1
#musicianslife,1
#mussels,1
#mydubai,1
#mytoba,1
#naira,1
#narcissism,1
#nasdaq,2
#nasdaw,1
#nastyparty,5
#nation?,2
#nationalism,1
#nationalist,1
#nationalsecurity,1
#nations,4
#nbn,1
#ncga,1
#ncpol,1
#ndevon,1
#necessary.,2
#negocios,4
#neoliberal,1
#nepa,1
#netDE,1
#network,1
#networking,6
#nevada,1
#newhigh,4
#newparadigm,1
#news,224
#news50,1
#news:,1
#newsletter,1
#newspaper,4
#newspapers,2
#news?,7
#newyorkcity,1
#nexteconomy,1
#nextgenphd,1
#nfp,96
#nibiru,2
#nibiru?,1
#nice,6
#nigeria,7
#nigeriaeconomy,5
#nigerialnglimited,1
#nigerians,7
#nigerians?,2
#nigeria?,1
#noalaguerra,1
#nobama,3
#nonfarmpayroll,1
#nonfiction,6
#norths,1
#notachallengethough,1
#notextanddrive,1
#noticias,1
#novascotia,1
#nowall,1
#np,1
#nrf,1
#nrf17,1
#nswpol,7
#nuclear,1
#nuclearwar,1
#nuclear?,1
#nyc,2
#nyse,1
#nytimes,3
#nz,1
#obama,1
#obama.,1
#oceaneconomy,20
#oceans,1
#ocse.,1
#of,3
#offers,1
#offshoring/de-industrialization:,1
#oil,22
"#oil,",107
#oilprice,1
#oilprices,107
"#oilprices,",3
#oilsands,1
#oil?,1
#oligarchy,10
#omg,6
#onair,1
#oncology,2
#onelove,1
#oneworld,1
#online,3
#online.,1
#onlineshopping,2
#open,3
#opentrade,1
#openyoureyes,1
#opinion,1
#opinions,2
#oportunidad,3
#opportunity,8
#optimism,6
#options,1
#orlando,1
#otr,2
#outlook,2
"#output,",1
#overbooked,1
#ows,7
#oyo,1
#p2,9
#p2p,4
#p2?,1
#pacific,1
#pakistan,1
#palmbeach,1
#paradigm,1
#parallel,1
#parenting,1
#partners,1
#parttime,1
#partypoliticalbroadcast,1
#patchmuthuillangovan,1
#paymentsystem,1
#payroll,2
#payrolls,1
#payroll?,1
#pc,4
#peace,8
#peketec,2
#pension,1
#pensions,5
#people,2
#percent,1
#performance,2
#persistence,2
#personalfinance,2
#perunews,2
#petrol,2
#pharma,3
#philanthropy,37
#philosophy,3
#photography,1
#physics,2
#pil,1
#pinyin,1
#pip,1
#pips?,1
#placebo,1
#placenames?,1
#planet,2
#planetx?,2
#platform,12
#pm,1
#podcast,4
#policecuts,5
#policies,1
#policy,5
"#policy,",1
#policy?,1
#politic,3
#politica,1
#political,2
#politics,96
#politics...https://t.co/GrpL3wBfcv,2
#politics?,4
#pollution,6
#pollution:,1
#pollution?,1
#polqc,1
#poor,10
#population,3
"#population,",2
#populati?https://t.co/ThQNBsdRZK,1
#populati?https:?,3
#populism.,12
#portfolio,1
#portugal,1
#positive,1
#positiveattitude,2
#pot,2
#pound,2
#poverty,32
#povertyreduction,1
#poverty?,6
#power,1
#po?,5
#preciousmetals,1
#pregnant,1
#preppertalk,2
#pretend,1
#pre?,6
#price,3
"#priority""",1
#prisons,1
#privacy,5
#privateequity,1
#prnewswire,1
#productivity,8
#professionaltrends,2
#profiteering.,1
#profits,3
#programme,1
#progressive,2
#projectmanagement,4
#prom,2
#propaganda,1
"#propaganda,",1
#property,14
#propertyblog,4
#propertywhistle,4
#prop?,2
#prosperity,2
#ptv,1
#public,1
#publicland?,1
#qe,1
#quantli,9
#quebec,1
#question,2
#questiontime,1
#quiz?,1
#quote,1
#quote...,2
#quotes,6
#race,1
#radicalpolitics,2
#radio,37
#ragstoriches,1
#rail,2
#raisetheage,1
#rakutenichiba,1
#rate,6
#ratehike,3
#rates,4
#rates...,1
#ratings,1
#rational,1
#rationalising,1
#raw,1
#realestate,71
#realestateinvesting,1
#realestatesector,1
#reality,10
#realitycheck:,2
#realnews,1
#real?,2
#reasons,1
#rebuild,3
#recap,1
#recession,14
#recession.,3
#recession?,2
#recovery,2
#recovery.,3
#recruiting,2
#recruitment,8
#recycle,2
#rednationrising,2
"#reef,",1
#reefs,1
"#refined,",1
#reform,2
"#reform,",5
#reform:,7
#reforms,1
#refugee,1
#refugees,14
#regime,1
#regionalmanager,1
#registration?,1
#regulation,2
"#regulation,",1
#regulations,1
#regu?,3
"#rejection,",1
#reliance,2
"#religion,",2
#renew,1
#renewable,4
#renewableenergy,1
#renewables,31
#renewables?,1
#rent,2
#rental,18
#rentals,1
#rentals.com,1
#renters,1
#report,3
#republican,1
#research,2
#researchers,4
#reshoring,1
#reshoring?,1
#reshuffle,1
#residential,2
#residents,2
#resilience,1
#resilliance,1
#resist,2
#resist44,3
#resource,3
#resources,2
#restaurant?,1
#retail,27
#retail.,1
#retail.?,1
#retailbubble,1
#retaildev?,1
#retailers,5
#retailnews,1
#retirement,4
#retirements,1
#return,1
#retweet,1
#revenue,1
#rhetoric,1
#rigcounts,1
#rights.,6
#rights.?,1
#ringgitmalaysia,1
#ripples,1
#riquesa,1
#risk,2
"#risk,",1
#riskman?,1
#risks,2
#ris?,2
#roadmap,6
#roads,1
#robertsndchristy,1
#robot,5
#robotics,105
#robots,105
#rough,1
#rplccapr,2
#rrhh,3
#rule,2
#ruota,1
#rupee,3
#rural,4
#ruralissues,1
#russia,14
#rustbelt,2
#s,1
#sa,1
#sabotage,1
#sacountrylife,1
#sactacos,1
#sadface,1
#salari?,1
#sales,88
"#sales,",6
#salmon,2
#salon,5
#salud,10
#sameoldtories,5
#sarawak,1
#satellite,1
#satire,2
#saturdaymorning,2
#saturdaynight,1
#savings,1
#scaleups,15
#scammed,1
#scb17,1
#science,15
#science?,3
#scifi,3
#scifi?,1
#scomo,3
#scotref,1
#scraping,1
#screenshotsaturday,1
#scrm,1
#sdgs.,6
"#sea,",3
#seafood,2
#section27,1
#sector,2
#security,5
"#security,",7
#segment,1
#seguros,6
#selfstorage,1
#sellingCA,1
#senedd,1
#sentiment,1
#sentiment?,1
#seo,2
#serbian,1
#service,2
#serviceindustry,1
#services,3
#sexy,1
#shale,1
#share,3
#sharedeconomy,34
#shares,1
#sharing,19
#sharingeconomy,46
#sheep,1
#shipping,1
#shipping?,1
#shortage,1
#shrinkflation',1
#shrm,1
#sia,1
#sick,18
#silkroad,1
#silver,2
#silverstacking,1
#skills,66
#skimic,33
#skpoli,4
#slowdown,1
#sm,2
#smallBiz,1
#smallbiz,22
#smallbiz?,1
#smallbusiness,8
#smallbusinesses?,1
#smallbusinesstrends,1
#smart,1
#smartcities,7
#smartypants,1
#socal,1
#socent,1
#social,3
#socialcare,1
#socialism,4
#socialism!,1
#socialjustice,1
#socialmedia,35
"#socialmedia,",2
"#socialmedia,...",1
#socia?,1
#society,19
"#society,",2
#society?,1
#socinn,1
#sociology,2
#soflo,1
#soil,1
#solar,4
#soletraders,2
#solidarity,1
#sougofollow,1
#southafrica,1
#southeastasia,1
#so?,2
#space,3
#spaceexploration,3
#spacetechnology,3
#spain,1
#spanish,3
#speed,1
#spending,5
"#spending"":",1
#spicejet,1
#sport,8
#sports,1
#sprawlcost,1
#spreaker,2
#spring,2
#squeezed:,1
#stability,1
#stabilization,1
#stamps,1
#stanleycup,1
#start-ups,1
#startUpChats,1
#startup,57
#startup?,1
#startupAUS,2
#startups,47
#startupticker,1
#startu?,2
#states,1
#statistics,9
#stats,1
#statscan,1
#stats?,1
#sta?,1
#steel,2
#sticktoyourguns,1
#stillsanders,2
#stimulus,1
#stmaarten,2
#stock,7
#stockMarket,1
#stockexchange,2
#stockmarket,10
#stockmarket;,7
#stockmarkets,10
#stocks,56
"#stocks,",1
#stocks.,1
#stocks?,6
#stocktrading,1
#stoc?,1
#stores,2
#stormhour,1
#strategy,4
#strengthen,1
#strike,1
#strong,1
#studentdebt,2
#studentloan,1
#students,10
#studies,4
#stupid,1
#stupidity,1
#suaju,4
#success,80
#successful,1
#successtrain,5
#sueldo,1
#suicide,1
#summary:,1
#summit,3
#sun,1
"#supplychain,",1
#support,3
#supportsmallstreamers,1
#surge,1
#surveys,1
#sustainability,9
#sustainable,3
#sustainablegrowth,1
#susta?,1
#sweatshop,5
#swfl,35
#swiss,1
#sxsw,6
#syria,4
#syrianrefugees,1
#s?n?gal,1
#tRump,1
#tabletgame,1
#tacobuffet,1
#talegaon,1
#talent,3
#tampontax,1
#tampon?,1
#tariffs,1
#tarot,1
#tax,33
#taxation,1
#taxbreaks,1
#taxcut,1
#taxes,13
"#taxes,",118
#taxhaven,1
#taxpolicy,1
#taxreform,1
#tbt<ed><U+00A0><U+00BD><ed><U+00B4><U+0099>,2
#tc,5
#tcot,19
#tea,1
#teachers,4
#teaparty,4
#tech,84
#techindustry,1
#techjobs,1
#techjobs?,1
#technews,1
#technocracy,12
#technology,35
#technology?,3
#technol?,2
#tech?,1
#telecom,1
#tell,1
#temperature,1
#tennis,2
#tennisballmachine,1
#texas,2
#tgcom,1
#tgdn,3
#thailand,1
#the,4
#theeconomist,1
#theguardian,1
#themasters,1
#themusicgala,1
#thenewurbancrisis?,1
#theresistance,7
#thwGB,1
#thwGR,1
#thwLatAm,1
#thwSA,1
#timesofindia,1
#tiny,1
#tits,6
#tlot,4
#toCONSIDER,5
#tonight,2
#top_stories,3
#topnews,3
#toronto,5
#tourism,14
"#tourism,",1
#tourists,1
#towncentres,2
#toyotaparts,1
#tpp,2
#trackandfield,1
#tractor,1
#trade,101
"#trade,",8
#tradeblocs.,1
#tradefinance,1
#trader.,1
#tradeunions,1
#trade?,1
#trading,204
#trading?,1
#trading?,1
#traditional,62
#trafnidiaeth,1
#train,1
#transaction,1
#transitiepraktijk,1
#transport,1
#transportation,8
#transportation?,1
#travel,30
#travelskills,2
#tra?,1
#treasury,2
#treat,1
"#tree,",3
#trend,4
#trending,8
#trends,1
#trends?,1
#tripadvisor,1
#triplelock,1
#truckers,2
#trucking,3
#truestory,1
#trump,26
#trumpadministration,1
#trumpblues,1
#trumpfail,2
#trumpregrets,2
#trumpsupporters,1
#trump?,1
#trust,3
#trust-based,1
#truthbomb,2
#tse,1
#tsx,4
#tuesdaythought,2
#tuitionfees,1
#tuitio?,1
#tulipmania,3
#tuning,2
#turismo,2
#turnbull,3
#twitchstream,1
#twitter,1
#txlege,2
#tyranny,1
#u...,1
#ua3411,1
#uber,3
"#uitkering,",1
#uk,43
#ukbiz,1
#ukmfg,2
#uk?,1
#undecided,1
#underreported,1
#undocumented,9
#unemployed,3
#unemployment,135
#unemploymentrate,2
#unemploymentrate:,1
#unempl?,1
#uni,1
#unifiedtax?,1
#unions,1
#united,3
#unitedAIRLINES,1
#unitedairlines,2
#unitedfirst,2
#unitedkingdom,3
#universities,4
#university,1
#unpresidented,1
#unsustainable,1
#update,2
#upgrade,1
#urban,4
#urbanisation?,1
#urbanstudies,1
#us,10
#usa,15
#usanews,1
#usd,10
#usjobs,1
#uspolitics,3
#usrc,2
#ussyria,1
#us?,1
#utpol,6
#uxdesign,1
#u?,7
#vacation,12
#value,5
#values,2
#vanre,6
#vc,3
#vegan,2
#veracruz,1
#vicpol,6
#victim.,1
#video,6
#videogames,1
#village,1
#vision,2
#visions,1
#visit,1
#vitalizeone,1
#vodka,1
#vot,1
#vote,5
#vr,1
#w7startingfromgirls,1
#wage,7
#wages,10
#walking,1
#wall,1
#wallstreet,6
#wapol,1
#war,13
#war....,2
#wardogs,1
#wardrums,1
#warehousing,1
#wars,1
#washigntonpost,2
#water,10
#wealth,5
#wealthmanagement,1
#weather,1
#web,1
#wedding,2
#wednesday,2
#wednesdaymotivation,1
#wednesdaywisdom,2
#weed,3
#weekend,3
#wef,2
#welcome,4
#welfare,1
#wellness,2
#welsh,2
#westpalm,1
#wheat,1
#wherearethejobs,1
#why,1
#win,1
#wind,2
#windenergy,1
#windenergy?,1
#windpower?,1
#wine,1
#wiright,1
#wirtschaft,1
#wlst,1
#women,8
#womenomics,4
#womenpower,1
#women?s,6
#wordpress,1
#work,32
#worker,2
#workers,12
#workforce,26
"#workforce,",2
#workforcedev,6
#workforce?,1
#working,2
#workingparents,1
#workplacebullying,1
#workplace?,1
#work?,1
#world,66
#world's,1
#worldeconomicforum,1
#worldhealthday,1
#worldwide,1
#world?,1
#world?s,1
#wow,6
#wtf,1
#wto,1
#wurst,1
#ww3,3
#xbox,1
#ycrazymind,2
#yeg,1
#yields,1
#yoga,1
#yoshiki<U+306E><U+65B0><U+805E>!,3
#youneverknow?,1
#youth,10
#youtube,3
#yuan,1
#yyc,1
#yyccc,1
#yyz,1
#zahidqayyum,1
#zumamustfall,7
#zupta,1
#zuptamustfall,1
#?,49
#?konomi,1
#??,1
